{"cameraMode":{"drawMode":0,"name":"Shaded","section":"Shading Mode"},"sceneLighting":false,"audioPlay":false,"sceneViewState":{"showFog":false,"showMaterialUpdate":false,"showSkybox":true,"showFlares":false,"showImageEffects":false,"showParticleSystems":false},"in2DMode":false,"pivot":{"x":-2.162947654724121,"y":-1.3053717613220215,"z":-0.2469797134399414},"rotation":{"x":0.3376173675060272,"y":-0.3907301425933838,"z":0.1566896289587021,"w":0.8418984413146973},"size":7.591987133026123,"orthographic":false}