{"cameraMode":{"drawMode":0,"name":"Shaded","section":"Shading Mode"},"sceneLighting":false,"audioPlay":false,"sceneViewState":{"showFog":false,"showMaterialUpdate":false,"showSkybox":true,"showFlares":false,"showImageEffects":false,"showParticleSystems":false},"in2DMode":false,"pivot":{"x":-12.618546485900879,"y":12.132701873779297,"z":2.6744308471679689},"rotation":{"x":0.17191657423973084,"y":0.774223268032074,"z":-0.23724567890167237,"w":0.561014711856842},"size":0.8501169085502625,"orthographic":false}