{"cameraMode":{"drawMode":0,"name":"Shaded","section":"Shading Mode"},"sceneLighting":false,"audioPlay":false,"sceneViewState":{"showFog":false,"showMaterialUpdate":false,"showSkybox":true,"showFlares":false,"showImageEffects":false,"showParticleSystems":false},"in2DMode":false,"pivot":{"x":10.346400260925293,"y":-18.75792694091797,"z":32.83497619628906},"rotation":{"x":-0.2685733139514923,"y":-0.14003995060920716,"z":0.03949633240699768,"w":-0.9522064924240112},"size":57.596927642822269,"orthographic":false}