{"cameraMode":{"drawMode":0,"name":"Shaded","section":"Shading Mode"},"sceneLighting":false,"audioPlay":false,"sceneViewState":{"showFog":false,"showMaterialUpdate":false,"showSkybox":true,"showFlares":false,"showImageEffects":false,"showParticleSystems":false},"in2DMode":false,"pivot":{"x":1.336990475654602,"y":4.053372859954834,"z":8.374384880065918},"rotation":{"x":0.012467777356505394,"y":-0.969919741153717,"z":0.23772253096103669,"w":0.05087524652481079},"size":2.9501166343688967,"orthographic":false}