{"cameraMode":{"drawMode":0,"name":"Shaded","section":"Shading Mode"},"sceneLighting":false,"audioPlay":false,"sceneViewState":{"showFog":false,"showMaterialUpdate":false,"showSkybox":true,"showFlares":false,"showImageEffects":false,"showParticleSystems":false},"in2DMode":false,"pivot":{"x":1.0665879249572755,"y":-0.5349268317222595,"z":-0.37189674377441409},"rotation":{"x":-0.15381428599357606,"y":-0.7471379637718201,"z":0.18552300333976746,"w":-0.6194412112236023},"size":6.924081802368164,"orthographic":false}