{"cameraMode":{"drawMode":0,"name":"Shaded","section":"Shading Mode"},"sceneLighting":false,"audioPlay":false,"sceneViewState":{"showFog":false,"showMaterialUpdate":false,"showSkybox":true,"showFlares":false,"showImageEffects":false,"showParticleSystems":false},"in2DMode":false,"pivot":{"x":-14.0366849899292,"y":11.465860366821289,"z":11.74109935760498},"rotation":{"x":0.1114344447851181,"y":0.8835819363594055,"z":-0.2678477168083191,"w":0.3675907552242279},"size":15.66976261138916,"orthographic":false}