{"cameraMode":{"drawMode":0,"name":"Shaded","section":"Shading Mode"},"sceneLighting":false,"audioPlay":false,"sceneViewState":{"showFog":false,"showMaterialUpdate":false,"showSkybox":true,"showFlares":false,"showImageEffects":false,"showParticleSystems":false},"in2DMode":false,"pivot":{"x":-0.7977691292762756,"y":1.3779397010803223,"z":1.9448105096817017},"rotation":{"x":-0.17213711142539979,"y":-0.6273472309112549,"z":0.14484542608261109,"w":-0.7455360889434815},"size":7.426999568939209,"orthographic":false}