{"cameraMode":{"drawMode":0,"name":"Shaded","section":"Shading Mode"},"sceneLighting":false,"audioPlay":false,"sceneViewState":{"showFog":false,"showMaterialUpdate":false,"showSkybox":true,"showFlares":false,"showImageEffects":false,"showParticleSystems":false},"in2DMode":false,"pivot":{"x":4.77976131439209,"y":-11.525912284851075,"z":25.26678466796875},"rotation":{"x":-0.24024374783039094,"y":-0.07758011668920517,"z":0.019263548776507379,"w":-0.9674157500267029},"size":32.37776184082031,"orthographic":false}