{"cameraMode":{"drawMode":0,"name":"Shaded","section":"Shading Mode"},"sceneLighting":false,"audioPlay":false,"sceneViewState":{"showFog":false,"showMaterialUpdate":false,"showSkybox":true,"showFlares":false,"showImageEffects":false,"showParticleSystems":false},"in2DMode":false,"pivot":{"x":-4.3046345710754398,"y":2.5488274097442629,"z":1.1576220989227296},"rotation":{"x":-0.11489164084196091,"y":-0.7877804040908814,"z":0.15470317006111146,"w":-0.5850375890731812},"size":7.761214733123779,"orthographic":false}