{"cameraMode":{"drawMode":0,"name":"Shaded","section":"Shading Mode"},"sceneLighting":false,"audioPlay":false,"sceneViewState":{"showFog":false,"showMaterialUpdate":false,"showSkybox":true,"showFlares":false,"showImageEffects":false,"showParticleSystems":false},"in2DMode":false,"pivot":{"x":2.2295475006103517,"y":-6.858806133270264,"z":25.432519912719728},"rotation":{"x":-0.16306017339229585,"y":-0.03750352934002876,"z":0.006200432311743498,"w":-0.9858835935592651},"size":32.37776184082031,"orthographic":false}