{"cameraMode":{"drawMode":0,"name":"Shaded","section":"Shading Mode"},"sceneLighting":false,"audioPlay":false,"sceneViewState":{"showFog":false,"showMaterialUpdate":false,"showSkybox":true,"showFlares":false,"showImageEffects":false,"showParticleSystems":false},"in2DMode":false,"pivot":{"x":-2.83052396774292,"y":3.2231199741363527,"z":-4.053924083709717},"rotation":{"x":-0.18551646173000337,"y":-0.424780935049057,"z":0.08938845247030258,"w":-0.8815637230873108},"size":7.761214733123779,"orthographic":false}