{"cameraMode":{"drawMode":0,"name":"Shaded","section":"Shading Mode"},"sceneLighting":false,"audioPlay":false,"sceneViewState":{"showFog":false,"showMaterialUpdate":false,"showSkybox":true,"showFlares":false,"showImageEffects":false,"showParticleSystems":false},"in2DMode":false,"pivot":{"x":1.1482324600219727,"y":1.4181957244873047,"z":-0.21304047107696534},"rotation":{"x":0.28139743208885195,"y":-0.1921234130859375,"z":0.057615745812654498,"w":0.9383946657180786},"size":2.350116729736328,"orthographic":false}