{"cameraMode":{"drawMode":0,"name":"Shaded","section":"Shading Mode"},"sceneLighting":false,"audioPlay":false,"sceneViewState":{"showFog":false,"showMaterialUpdate":false,"showSkybox":true,"showFlares":false,"showImageEffects":false,"showParticleSystems":false},"in2DMode":false,"pivot":{"x":-4.758603096008301,"y":-6.430946350097656,"z":5.255012035369873},"rotation":{"x":0.29331982135772707,"y":-0.6651657223701477,"z":0.32158100605010989,"w":0.6067156195640564},"size":15.66976261138916,"orthographic":false}