{"cameraMode":{"drawMode":0,"name":"Shaded","section":"Shading Mode"},"sceneLighting":false,"audioPlay":false,"sceneViewState":{"showFog":false,"showMaterialUpdate":false,"showSkybox":true,"showFlares":false,"showImageEffects":false,"showParticleSystems":false},"in2DMode":false,"pivot":{"x":-1.7289842367172242,"y":-15.38160228729248,"z":23.164499282836915},"rotation":{"x":-0.3201368749141693,"y":0.013714339584112168,"z":-0.004637517035007477,"w":-0.9472607374191284},"size":35.49702072143555,"orthographic":false}