{"cameraMode":{"drawMode":0,"name":"Shaded","section":"Shading Mode"},"sceneLighting":false,"audioPlay":false,"sceneViewState":{"showFog":false,"showMaterialUpdate":false,"showSkybox":true,"showFlares":false,"showImageEffects":false,"showParticleSystems":false},"in2DMode":false,"pivot":{"x":3.552957534790039,"y":-2.3659799098968508,"z":2.410679340362549},"rotation":{"x":-0.24819624423980714,"y":-0.4529188573360443,"z":0.13288572430610658,"w":-0.8459341526031494},"size":15.578442573547364,"orthographic":false}