{"cameraMode":{"drawMode":0,"name":"Shaded","section":"Shading Mode"},"sceneLighting":false,"audioPlay":false,"sceneViewState":{"showFog":false,"showMaterialUpdate":false,"showSkybox":true,"showFlares":false,"showImageEffects":false,"showParticleSystems":false},"in2DMode":false,"pivot":{"x":-6.085127830505371,"y":3.2911128997802736,"z":2.6762619018554689},"rotation":{"x":-0.12453112751245499,"y":-0.8154057860374451,"z":0.19081130623817445,"w":-0.532162070274353},"size":-1.4999427795410157,"orthographic":false}