{"cameraMode":{"drawMode":0,"name":"Shaded","section":"Shading Mode"},"sceneLighting":false,"audioPlay":false,"sceneViewState":{"showFog":false,"showMaterialUpdate":false,"showSkybox":true,"showFlares":false,"showImageEffects":false,"showParticleSystems":false},"in2DMode":false,"pivot":{"x":1.8017702102661133,"y":4.754299163818359,"z":-0.7823145389556885},"rotation":{"x":-0.10046753287315369,"y":0.6430990695953369,"z":-0.0856577455997467,"w":-0.754315972328186},"size":7.761214733123779,"orthographic":false}