{"cameraMode":{"drawMode":0,"name":"Shaded","section":"Shading Mode"},"sceneLighting":false,"audioPlay":false,"sceneViewState":{"showFog":false,"showMaterialUpdate":false,"showSkybox":true,"showFlares":false,"showImageEffects":false,"showParticleSystems":false},"in2DMode":false,"pivot":{"x":7.65219259262085,"y":-1.340644359588623,"z":-2.520697593688965},"rotation":{"x":-0.12064629793167114,"y":-0.761432409286499,"z":0.14830471575260163,"w":-0.6194117069244385},"size":16.124160766601564,"orthographic":false}