{"cameraMode":{"drawMode":0,"name":"Shaded","section":"Shading Mode"},"sceneLighting":false,"audioPlay":false,"sceneViewState":{"showFog":false,"showMaterialUpdate":false,"showSkybox":true,"showFlares":false,"showImageEffects":false,"showParticleSystems":false},"in2DMode":false,"pivot":{"x":-5.086816787719727,"y":2.594196081161499,"z":2.202427625656128},"rotation":{"x":-0.1823498010635376,"y":-0.7659845352172852,"z":0.24737033247947694,"w":-0.5646452307701111},"size":13.813752174377442,"orthographic":false}