{"cameraMode":{"drawMode":0,"name":"Shaded","section":"Shading Mode"},"sceneLighting":false,"audioPlay":false,"sceneViewState":{"showFog":false,"showMaterialUpdate":false,"showSkybox":true,"showFlares":false,"showImageEffects":false,"showParticleSystems":false},"in2DMode":false,"pivot":{"x":-1.3780927658081055,"y":0.5315848588943481,"z":-13.638763427734375},"rotation":{"x":0.002872023731470108,"y":-0.9968899488449097,"z":0.04375459998846054,"w":0.06548178941011429},"size":16.124160766601564,"orthographic":false}